<!-- Copyright (C) 2004 The Apache Software Foundation. All rights reserved. -->
<record id="0x101A" name="Area" excel-record-id="AREA"
    package="org.apache.poi.hssf.record">
    <suffix>Record</suffix>
    <extends>Record</extends>
    <description>The area record is used to define a area chart.</description>
    <author>Glen Stampoultzis (glens at apache.org)</author>
    <fields>
        <field type="int" size="2" name="format flags">
            <bit number="0" name="stacked" description="series is stacked"/>
            <bit number="1" name="display as percentage" description="results displayed as percentages"/>
            <bit number="2" name="shadow" description="display a shadow for the chart"/>
        </field>
    </fields>
</record>
