<!-- Copyright (C) 2004 The Apache Software Foundation. All rights reserved. -->
<record id="0x1062" name="AxisOptions" excel-record-id="AXCEXT"
    package="org.apache.poi.hssf.record">
    <suffix>Record</suffix>
    <extends>Record</extends>
    <description>The axis options record provides unit information and other various tidbits about the axis.</description>
    <author>Andrew C. Oliver(acoliver at apache.org)</author>
    <fields>
        <field type="int" size="2" name="minimum category" description="minimum category on axis"/>
        <field type="int" size="2" name="maximum category" description="maximum category on axis"/>
        <field type="int" size="2" name="major unit value" decription="is this like where it draws the line?"/>
        <field type="int" size="2" name="major unit" description="units vs values..dunno"/>
        <field type="int" size="2" name="minor unit value" description="is this where it draws the tick marks?"/>
        <field type="int" size="2" name="minor unit" description="dunno exactly"/>
        <field type="int" size="2" name="base unit" description="dunno exactly"/>
        <field type="int" size="2" name="crossing point" description="where the axes cross"/>
        <field type="int" size="2" name="options">
            <bit number="0" name="default minimum" description="use the default minimum category"/>
            <bit number="1" name="default maximum" description="use the default maximum category"/>
            <bit number="2" name="default major" description="use the default major unit"/>
            <bit number="3" name="default minor unit" description="use the default minor unit"/>
            <bit number="4" name="isDate" description="this is a date axis"/>
            <bit number="5" name="default base" description="use the default base unit"/>
            <bit number="6" name="default cross" description="use the default crossing point"/>
            <bit number="7" name="default date settings" description="use default date setttings for this axis"/>
        </field>
    </fields>
</record>
