<!-- Copyright (C) 2004 The Apache Software Foundation. All rights reserved. -->
<record id="0x1041" name="AxisParent" excel-record-id="AXISPARENT"
    package="org.apache.poi.hssf.record">
    <suffix>Record</suffix>
    <extends>Record</extends>
    <description>The axis size and location</description>
    <author>Glen Stampoultzis (glens at apache.org)</author>
    <fields>
        <field type="int" size="2" name="axis type">
            <const name="main" value="0"/>
            <const name="secondary" value="1"/>
        </field>
        <field type="int" size="4" name="x"/>
        <field type="int" size="4" name="y"/>
        <field type="int" size="4" name="width"/>
        <field type="int" size="4" name="height"/>
    </fields>
</record>
