<!-- Copyright (C) 2004 The Apache Software Foundation. All rights reserved. -->
<record id="0x1006" name="DataFormat"  excel-record-id="DATAFORMAT"
    package="org.apache.poi.hssf.record">
    <suffix>Record</suffix>
    <extends>Record</extends>
    <description>The data format record is used to index into a series.</description>
    <author>Glen Stampoultzis (glens at apache.org)</author>
    <fields>
        <field type="int" size="2" name="point number" description="0xFFFF for entire series"/>
        <field type="int" size="2" name="series index" description="relative index"/>
        <field type="int" size="2" name="series number" description="series number (which can be different from series index when series order is changed)"/>
        <field type="int" size="2" name="format flags">
            <bit number="0" name="use excel 4 colors" description="set true to use excel 4 colors."/>
        </field>
    </fields>
</record>
