<!-- Copyright (C) 2004 The Apache Software Foundation. All rights reserved. -->
<record id="0x101f" name="ValueRange" excel-record-id="VALUERANGE"
    package="org.apache.poi.hssf.record">
    <suffix>Record</suffix>
    <extends>Record</extends>
    <description>The value range record defines the range of the value axis.</description>
    <author>Glen Stampoultzis (glens at apache.org)</author>
    <fields>
        <field type="float" size="8" name="minimum axis value"/>
        <field type="float" size="8" name="maximum axis value"/>
        <field type="float" size="8" name="major increment"/>
        <field type="float" size="8" name="minor increment"/>
        <field type="float" size="8" name="category axis cross"/>
        <field type="int" size="2" name="options">
            <bit number="0" name="automatic minimum" description="automatic minimum value selected"/>
            <bit number="1" name="automatic maximum" description="automatic maximum value selected"/>
            <bit number="2" name="automatic major" description="automatic major unit selected"/>
            <bit number="3" name="automatic minor" description="automatic minor unit selected"/>
            <bit number="4" name="automatic category crossing" description="category crossing point is automatically selected"/>
            <bit number="5" name="logarithmic scale" description="use logarithmic scale"/>
            <bit number="6" name="values in reverse" description="values are reverses in graph"/>
            <bit number="7" name="cross category axis at maximum" description="category axis to cross at maximum value"/>
            <bit number="8" name="reserved" description="reserved, must equal 1 (excel dev. guide says otherwise)"/>
        </field>
    </fields>
</record>
