<?xml version="1.0" encoding="UTF-8"?>
<!-- Copyright (C) 2004 The Apache Software Foundation. All rights reserved. -->
<!DOCTYPE document PUBLIC "-//APACHE//DTD Documentation V1.1//EN" "../dtd/document-v11.dtd">
<!-- $Id: todo.xml,v 1.2.2.1 2004/02/28 12:55:55 glens Exp $ -->

<document>
 <header>
  <title>To Do</title>
  <authors>
   <person name="Rainer Klute" email="klute@rainer-klute.de"/>
  </authors>
 </header>
 <body>
  <section><title>To Do</title>

   <p>The following functionalities should be added to HPFS:</p>

   <ol>
    <li>
     Add writing capability for property sets. Presently property sets can
      be read only.
    </li>
    <li>
     Add codepage support: Presently the bytes making out the string in a
      property's value are interpreted using the platform's default character
      set.
    </li>
    <li>
      Add resource bundles to
      <code>org.apache.poi.hpsf.wellknown</code> to ease
      localizations. This would be useful for mapping standard property IDs to
      localized strings. Example: The property ID 4 could be mapped to "Author"
      in English or "Verfasser" in German.
    </li>
    <li>
     Implement reading functionality for those property types that are not
      yet supported. HPSF should return proper Java types instead of just byte
      arrays.
    </li>
    <li>
     Add WMF to <code>java.awt.Image</code> example code in <link
     href="thumbnails.html">Thumbnail
     HOW TO</link>.
    </li>
   </ol>
  </section>
 </body>
</document>

<!-- Keep this comment at the end of the file
Local variables:
mode: xml
sgml-omittag:nil
sgml-shorttag:nil
sgml-namecase-general:nil
sgml-general-insert-case:lower
sgml-minimize-attributes:nil
sgml-always-quote-attributes:t
sgml-indent-step:1
sgml-indent-data:t
sgml-parent-document:nil
sgml-exposed-tags:nil
sgml-local-catalogs:nil
sgml-local-ecat-files:nil
End:
-->
