<?xml version="1.0" encoding="UTF-8"?>
<!-- Copyright (C) 2004 The Apache Software Foundation. All rights reserved. -->
<!DOCTYPE document PUBLIC "-//APACHE//DTD Documentation V1.1//EN" "../dtd/document-v11.dtd">

<document>
    <header>
        <title>HSSF</title>
        <subtitle>Overview</subtitle>
        <authors>
            <person name="Andrew C. Oliver" email="acoliver@apache.org"/>
            <person name="Nicola Ken Barozzi" email="barozzi@nicolaken.com"/>
        </authors>
    </header>

    <body>
        <section>
            <title>Usermodel Class Diagram by Matthew Young</title>
            <p>
            <img src="images/usermodel.gif" alt="Usermodel"/>
            </p>
        </section>
    </body>
</document>
